week,affected_share,fail_rate,n
2025-09-01,0.0,0.02666666666666667,234
2025-09-08,0.0,0.014150943396226415,225
2025-09-15,0.0,0.03225806451612903,224
2025-09-22,0.0,0.02403846153846154,225
2025-09-29,0.0,0.029288702928870293,252
2025-10-06,0.0,0.041666666666666664,253
2025-10-13,0.0,0.028037383177570093,226
2025-10-20,0.0,0.04048582995951417,260
2025-10-27,0.0,0.022321428571428572,235
2025-11-03,0.004,0.03361344537815126,250
2025-11-10,0.029411764705882353,0.05612244897959184,204
2025-11-17,0.145748987854251,0.06086956521739131,247
2025-11-24,0.19117647058823528,0.09693877551020408,204
2025-12-01,0.2170212765957447,0.08968609865470852,235
2025-12-08,0.3888888888888889,0.1446280991735537,252
2025-12-15,0.3125,0.13414634146341464,256
2025-12-22,0.2702702702702703,0.13167259786476868,296
2025-12-29,0.25102880658436216,0.12987012987012986,243
2026-01-05,0.3346613545816733,0.1702127659574468,251
2026-01-12,0.2971014492753623,0.13793103448275862,276
2026-01-19,0.3181818181818182,0.15139442231075698,264
2026-01-26,0.3469387755102041,0.13304721030042918,245
2026-02-02,0.375968992248062,0.15040650406504066,258
2026-02-09,0.36186770428015563,0.1728395061728395,257
2026-02-16,0.35294117647058826,0.16,238
2026-02-23,0.425531914893617,0.20361990950226244,235
2026-03-02,0.3832599118942731,0.1926605504587156,227
2026-03-09,0.40304182509505704,0.196,263
2026-03-16,0.49603174603174605,0.2530612244897959,252
2026-03-23,0.4385245901639344,0.14893617021276595,244
2026-03-30,0.35833333333333334,0.17982456140350878,240
2026-04-06,0.25206611570247933,0.12719298245614036,242
2026-04-13,0.1572052401746725,0.08108108108108109,229
2026-04-20,0.15467625899280577,0.0946969696969697,278
2026-04-27,0.1684981684981685,0.08712121212121213,273
2026-05-04,0.1646090534979424,0.11864406779661017,243
2026-05-11,0.164,0.10256410256410256,250
2026-05-18,0.13973799126637554,0.06451612903225806,229
2026-05-25,0.11666666666666667,0.05726872246696035,240
2026-06-01,0.1517509727626459,0.08032128514056225,257
2026-06-08,0.11450381679389313,0.07114624505928854,262
2026-06-15,0.12048192771084337,0.07468879668049792,249
2026-06-22,0.11666666666666667,0.084070796460177,240
2026-06-29,0.07462686567164178,0.0625,268
2026-07-06,0.18007662835249041,0.10483870967741936,261
2026-07-13,0.10441767068273092,0.07203389830508475,249
2026-07-20,0.09170305676855896,0.05555555555555555,229
2026-07-27,0.06493506493506493,0.03271028037383177,231
2026-08-03,0.0992063492063492,0.05084745762711865,252
2026-08-10,0.044534412955465584,0.05531914893617021,247
2026-08-17,0.055776892430278883,0.058333333333333334,251
2026-08-24,0.06792452830188679,0.05928853754940711,265
