region_group,qc_band,n,events,rate,ci_low,ci_high
"Direct (NA, APAC)",0%,92,12,0.13043478260869565,0.0762148037069704,0.2142801361997935
"Direct (NA, APAC)",over 0 to 5%,87,8,0.09195402298850575,0.04733289225508672,0.17108564789471264
"Direct (NA, APAC)",over 5 to 10%,63,11,0.1746031746031746,0.10039396579467887,0.28621427520758974
"Direct (NA, APAC)",over 10 to 20%,32,3,0.09375,0.03240155129836618,0.2421815472838787
"Direct (NA, APAC)",over 20%,3,0,0.0,0.0,0.5614970317550455
EU (distributor),0%,37,6,0.16216216216216217,0.07651207234011143,0.3113648370093497
EU (distributor),over 0 to 5%,35,4,0.11428571428571428,0.04535179333097357,0.25951468646213816
EU (distributor),over 5 to 10%,37,11,0.2972972972972973,0.1748947864983201,0.45783135911135653
EU (distributor),over 10 to 20%,14,8,0.5714285714285714,0.3259064457965074,0.7861920109552588
EU (distributor),over 20%,4,2,0.5,0.15003898915214947,0.8499610108478506
