region_group,segment,affected_exposure,n,events,rate,ci_low,ci_high
"Direct (NA, APAC)",hospital_lab,no,108,8,0.07407407407407407,0.038010248698071326,0.13939676145640317
"Direct (NA, APAC)",hospital_lab,yes,37,7,0.1891891891891892,0.09479978730312012,0.34204696929838413
"Direct (NA, APAC)",reference_lab,no,46,2,0.043478260869565216,0.01200544559855661,0.14532259026219074
"Direct (NA, APAC)",reference_lab,yes,15,1,0.06666666666666667,0.011866895493268553,0.2981652987378003
"Direct (NA, APAC)",research,no,57,10,0.17543859649122806,0.0981885223970996,0.2936735282969394
"Direct (NA, APAC)",research,yes,33,6,0.18181818181818182,0.08610768208940667,0.34388231634669925
EU (distributor),hospital_lab,no,44,6,0.13636363636363635,0.06402954497555871,0.2670945304851545
EU (distributor),hospital_lab,yes,18,4,0.2222222222222222,0.09000928108601691,0.45214584316212625
EU (distributor),reference_lab,no,22,2,0.09090909090909091,0.025295428990995267,0.27814946841605825
EU (distributor),reference_lab,yes,14,3,0.21428571428571427,0.07571386712693182,0.47589230586600295
EU (distributor),research,no,18,4,0.2222222222222222,0.09000928108601691,0.45214584316212625
EU (distributor),research,yes,19,14,0.7368421052631579,0.5120844910218488,0.8819358765321749
