group,n,churned,rate,upper_limit,breach
Ran the affected firmware,136,35,0.25735294117647056,0.16074035970436226,True
"EU, ran the affected firmware",51,21,0.4117647058823529,0.19382424321658054,True
"All main-cohort renewals, 2025Q4",13,2,0.15384615384615385,0.2775246025565744,False
"All main-cohort renewals, 2026Q1",287,42,0.14634146341463414,0.14445331796361705,True
"All main-cohort renewals, 2026Q2",94,21,0.22340425531914893,0.1713416132680723,True
"All main-cohort renewals, 2026Q3",37,2,0.05405405405405406,0.20867880664422692,False
"Did not run the defect, 2025Q4",10,1,0.1,0.3012212618541491,False
"Did not run the defect, 2026Q1",196,19,0.09693877551020408,0.15201161469193653,False
"Did not run the defect, 2026Q2",62,11,0.1774193548387097,0.18588350799225054,False
"Did not run the defect, 2026Q3",27,1,0.037037037037037035,0.2257764735802358,False
