site_id,region,churn,n_qc,median_response_hrs
S0500,NA-East,0,1.0,1.1
S0319,NA-East,0,1.0,1.9
S0216,NA-East,0,1.0,1.9
S0144,NA-East,0,1.0,3.5
S0003,NA-West,1,1.0,3.8
S0024,NA-West,1,1.0,4.0
S0225,NA-East,0,1.0,4.3
S0344,NA-East,0,1.0,4.9
S0363,NA-East,0,1.0,5.2
S0132,NA-East,0,1.0,5.4
S0153,NA-West,0,1.0,7.2
S0013,EU,0,1.0,8.5
S0134,APAC,0,1.0,9.2
S0306,EU,0,1.0,9.4
S0172,NA-West,0,2.0,9.65
S0186,NA-West,0,1.0,10.0
S0320,APAC,0,3.0,10.8
S0169,APAC,0,1.0,11.3
S0124,APAC,0,1.0,11.8
S0023,NA-West,0,1.0,13.2
S0458,EU,1,1.0,14.8
S0253,APAC,0,1.0,15.0
S0009,NA-West,0,2.0,15.950000000000001
S0395,NA-West,1,1.0,17.2
S0335,APAC,0,1.0,20.3
S0475,EU,1,2.0,23.200000000000003
S0382,EU,0,1.0,25.8
S0180,EU,0,3.0,26.5
S0150,EU,0,1.0,27.5
S0338,EU,0,2.0,38.75
S0202,EU,0,1.0,67.4
