week,affected,fails,qc_runs,rate
2025-09-01,False,6,225,0.02666666666666667
2025-09-08,False,3,212,0.014150943396226415
2025-09-15,False,7,217,0.03225806451612903
2025-09-22,False,5,208,0.02403846153846154
2025-09-29,False,7,239,0.029288702928870293
2025-10-06,False,10,240,0.041666666666666664
2025-10-13,False,6,214,0.028037383177570093
2025-10-20,False,10,247,0.04048582995951417
2025-10-27,False,5,224,0.022321428571428572
2025-11-03,False,8,237,0.03375527426160337
2025-11-10,False,9,190,0.04736842105263158
2025-11-17,False,9,196,0.04591836734693878
2025-11-17,True,5,34,0.14705882352941177
2025-11-24,False,2,159,0.012578616352201259
2025-11-24,True,17,37,0.4594594594594595
2025-12-01,False,4,175,0.022857142857142857
2025-12-01,True,16,48,0.3333333333333333
2025-12-08,False,5,147,0.034013605442176874
2025-12-08,True,30,95,0.3157894736842105
2025-12-15,False,6,167,0.03592814371257485
2025-12-15,True,27,79,0.34177215189873417
2025-12-22,False,8,205,0.03902439024390244
2025-12-22,True,29,76,0.3815789473684211
2025-12-29,False,6,176,0.03409090909090909
2025-12-29,True,24,55,0.43636363636363634
2026-01-05,False,5,157,0.03184713375796178
2026-01-05,True,35,78,0.44871794871794873
2026-01-12,False,5,182,0.027472527472527472
2026-01-12,True,31,79,0.3924050632911392
2026-01-19,False,3,173,0.017341040462427744
2026-01-19,True,35,78,0.44871794871794873
2026-01-26,False,3,153,0.0196078431372549
2026-01-26,True,28,80,0.35
2026-02-02,False,2,154,0.012987012987012988
2026-02-02,True,35,92,0.3804347826086957
2026-02-09,False,7,152,0.046052631578947366
2026-02-09,True,35,91,0.38461538461538464
2026-02-16,False,3,148,0.02027027027027027
2026-02-16,True,33,77,0.42857142857142855
2026-02-23,False,2,128,0.015625
2026-02-23,True,43,93,0.46236559139784944
2026-03-02,False,6,136,0.04411764705882353
2026-03-02,True,36,82,0.43902439024390244
2026-03-09,False,4,149,0.026845637583892617
2026-03-09,True,45,101,0.44554455445544555
2026-03-16,False,5,123,0.04065040650406504
2026-03-16,True,57,122,0.4672131147540984
2026-03-23,False,4,132,0.030303030303030304
2026-03-23,True,31,103,0.30097087378640774
2026-03-30,False,5,145,0.034482758620689655
2026-03-30,True,36,83,0.43373493975903615
2026-04-06,False,5,172,0.029069767441860465
2026-04-06,True,24,56,0.42857142857142855
2026-04-13,False,8,186,0.043010752688172046
2026-04-13,True,10,36,0.2777777777777778
2026-04-20,False,6,222,0.02702702702702703
2026-04-20,True,19,42,0.4523809523809524
2026-04-27,False,4,220,0.01818181818181818
2026-04-27,True,19,44,0.4318181818181818
2026-05-04,False,10,196,0.05102040816326531
2026-05-04,True,18,40,0.45
2026-05-11,False,7,196,0.03571428571428571
2026-05-11,True,17,38,0.4473684210526316
2026-05-18,False,8,186,0.043010752688172046
2026-05-18,True,6,31,0.1935483870967742
2026-05-25,False,3,200,0.015
2026-05-25,True,10,27,0.37037037037037035
2026-06-01,False,7,212,0.0330188679245283
2026-06-01,True,13,37,0.35135135135135137
2026-06-08,False,7,223,0.03139013452914798
2026-06-08,True,11,30,0.36666666666666664
2026-06-15,False,5,211,0.023696682464454975
2026-06-15,True,13,30,0.43333333333333335
2026-06-22,False,9,200,0.045
2026-06-22,True,10,26,0.38461538461538464
2026-06-29,False,8,237,0.03375527426160337
2026-07-06,False,7,204,0.03431372549019608
2026-07-06,True,19,44,0.4318181818181818
2026-07-13,False,8,211,0.037914691943127965
2026-07-13,True,9,25,0.36
2026-07-20,False,6,198,0.030303030303030304
2026-07-27,False,1,200,0.005
2026-08-03,False,8,214,0.037383177570093455
2026-08-03,True,4,22,0.18181818181818182
2026-08-10,False,10,227,0.04405286343612335
2026-08-17,False,9,226,0.03982300884955752
2026-08-24,False,7,236,0.029661016949152543
2026-08-31,False,1,28,0.03571428571428571
