week,n,events,rate,ci_low,ci_high
-8,122,35,0.28688524590163933,0.21409749424773222,0.3726841555574208
-7,127,30,0.23622047244094488,0.17077304279904165,0.3171568488126288
-6,121,33,0.2727272727272727,0.20128474291731482,0.358156483422448
-5,130,38,0.2923076923076923,0.22098455923880608,0.3755530123342654
-4,121,34,0.2809917355371901,0.2085968085704519,0.36686473681150134
-3,117,40,0.3418803418803419,0.2621850195554906,0.43162867351733963
-2,126,27,0.21428571428571427,0.1516562240602009,0.2938213556439125
-1,70,21,0.3,0.20536605257637988,0.4154431723877269
0,230,5,0.021739130434782608,0.0093205574779348,0.049871079841209434
1,108,4,0.037037037037037035,0.01449554133990276,0.09138164361061302
2,125,3,0.024,0.008195256526549594,0.06818899828377721
3,113,6,0.05309734513274336,0.024559590421663162,0.1110212126647187
4,102,5,0.049019607843137254,0.021117596548914284,0.10965780068122896
5,111,7,0.06306306306306306,0.030880657586432193,0.12447664110959536
6,105,5,0.047619047619047616,0.020509165674361972,0.10666166583292794
7,102,3,0.029411764705882353,0.010052448202903887,0.08293057499376735
