term,odds_ratio,ci_low,ci_high,p_value
"C(region, Treatment('NA-East'))[T.APAC]",0.6465330856722735,0.21969544799479207,1.9026567672845922,0.4283983652654628
"C(region, Treatment('NA-East'))[T.EU]",1.4734181178249355,0.6518940242842126,3.3302360031885803,0.35156124599469174
"C(region, Treatment('NA-East'))[T.NA-West]",0.47465231377721134,0.17379235020448477,1.2963448547014726,0.14604379087137465
C(segment)[T.reference_lab],0.8718443623567803,0.32024603461223566,2.37352694497426,0.7883993849390252
C(segment)[T.research],1.0405020066746093,0.4070275925985148,2.65987968771884,0.9339234748334702
C(tier)[T.Plus],1.308696952386398,0.6576547121363724,2.6042354469290263,0.4435009366331457
qc_per_10pts,1.1180894382232165,0.6709959773028268,1.863087163191912,0.6683213791240554
log_runs,0.834484484582095,0.46537421785320005,1.496353532906521,0.5436612484426984
log_app,0.1699043744411918,0.09001126418371112,0.3207098213323029,4.5413774407628153e-08
tickets_90d,1.5828978167613756,1.3089200754505044,1.9142234467185197,2.1781876685253746e-06
